縣市代碼,縣市名稱,學校代碼,學校名稱,專任教師數男,專任教師數女,兼任教師數男,兼任教師數女,職員數男,職員數女,班級數,學生數男,學生數女,上學年畢業生數男,上學年畢業生數女
30,臺北市,400144,國立臺灣戲曲學院附設高職部,31 ,40 ,0 ,0 ,0 ,0 ,21 ,134 ,275 ,47 ,88 
14,臺東縣,140222,國立臺東專科學校附設高職部,34 ,37 ,0 ,0 ,8 ,3 ,36 ,549 ,252 ,124 ,58 
01,新北市,010301,國立華僑高級中等學校,50 ,84 ,5 ,4 ,6 ,19 ,50 ,659 ,851 ,181 ,261 
01,新北市,011301,私立淡江高中,36 ,68 ,0 ,0 ,6 ,13 ,29 ,486 ,534 ,181 ,169 
01,新北市,011302,私立康橋高中,24 ,24 ,0 ,0 ,4 ,1 ,18 ,415 ,389 ,127 ,104 
01,新北市,011306,私立金陵女中,24 ,78 ,0 ,4 ,2 ,20 ,18 ,0 ,755 ,0 ,258 
01,新北市,011307,新北市裕德高級中等學校,17 ,40 ,8 ,2 ,4 ,18 ,9 ,70 ,63 ,6 ,4 
01,新北市,011309,財團法人南山高中,100 ,118 ,6 ,9 ,11 ,26 ,36 ,984 ,674 ,355 ,253 
01,新北市,011310,財團法人恆毅高中,35 ,54 ,2 ,3 ,9 ,15 ,19 ,511 ,301 ,146 ,80 
01,新北市,011311,私立聖心女中,13 ,39 ,5 ,8 ,2 ,13 ,9 ,0 ,380 ,0 ,86 
01,新北市,011312,私立崇義高中,5 ,3 ,3 ,1 ,3 ,2 ,6 ,114 ,26 ,36 ,6 
01,新北市,011314,財團法人中華高中,9 ,9 ,10 ,5 ,3 ,4 ,8 ,154 ,41 ,140 ,24 
01,新北市,011315,私立東海高中,13 ,21 ,22 ,10 ,7 ,10 ,23 ,571 ,141 ,232 ,46 
01,新北市,011316,私立格致高中,49 ,41 ,3 ,3 ,7 ,12 ,32 ,549 ,289 ,206 ,113 
01,新北市,011317,私立醒吾高中,18 ,18 ,8 ,18 ,6 ,15 ,29 ,337 ,362 ,143 ,177 
01,新北市,011318,私立徐匯高中,12 ,24 ,0 ,0 ,3 ,7 ,7 ,283 ,0 ,94 ,0 
01,新北市,011322,新北市崇光高中,14 ,61 ,0 ,0 ,2 ,14 ,12 ,2 ,478 ,0 ,190 
01,新北市,011323,私立光仁高中,33 ,54 ,5 ,11 ,8 ,14 ,17 ,353 ,303 ,109 ,107 
01,新北市,011324,私立竹林高中,59 ,65 ,3 ,9 ,4 ,17 ,31 ,580 ,463 ,176 ,140 
01,新北市,011325,私立及人高中,9 ,14 ,5 ,2 ,2 ,7 ,4 ,83 ,48 ,59 ,34 
01,新北市,011329,財團法人辭修高中,20 ,45 ,2 ,2 ,18 ,25 ,12 ,283 ,210 ,92 ,61 
01,新北市,011330,新北市林口康橋國際高中,34 ,36 ,0 ,0 ,22 ,36 ,15 ,211 ,227 ,0 ,0 
01,新北市,011399,私立時雨高中,48 ,33 ,0 ,0 ,9 ,15 ,15 ,411 ,245 ,99 ,72 
01,新北市,013303,市立泰山高中,84 ,80 ,0 ,0 ,16 ,18 ,70 ,"1,553 ",582 ,343 ,156 
01,新北市,013304,市立板橋高中,50 ,91 ,15 ,20 ,1 ,20 ,60 ,"1,158 ","1,109 ",360 ,371 
01,新北市,013335,市立新店高中,35 ,87 ,5 ,15 ,2 ,17 ,51 ,913 ,911 ,268 ,307 
01,新北市,013336,市立中和高中,42 ,84 ,0 ,0 ,5 ,15 ,54 ,"1,116 ",863 ,295 ,283 
01,新北市,013337,市立新莊高中,54 ,81 ,7 ,13 ,4 ,14 ,57 ,"1,053 ","1,031 ",338 ,345 
01,新北市,013338,市立新北高中,44 ,69 ,0 ,0 ,7 ,13 ,51 ,914 ,915 ,283 ,286 
01,新北市,013339,市立林口高中,46 ,60 ,0 ,0 ,3 ,15 ,45 ,766 ,783 ,177 ,277 
01,新北市,014302,市立海山高中,82 ,194 ,0 ,0 ,4 ,20 ,33 ,635 ,550 ,218 ,174 
01,新北市,014311,市立三重高中,49 ,109 ,6 ,4 ,4 ,11 ,42 ,659 ,728 ,213 ,248 
01,新北市,014315,市立永平高中,44 ,109 ,4 ,2 ,5 ,13 ,36 ,606 ,658 ,133 ,215 
01,新北市,014322,市立樹林高中,62 ,159 ,0 ,0 ,5 ,14 ,49 ,637 ,779 ,152 ,259 
01,新北市,014326,市立明德高中,61 ,97 ,4 ,2 ,7 ,16 ,36 ,576 ,565 ,144 ,156 
01,新北市,014332,市立秀峰高中,58 ,113 ,6 ,8 ,8 ,14 ,33 ,475 ,491 ,117 ,157 
01,新北市,014338,市立金山高中,34 ,62 ,0 ,0 ,3 ,11 ,18 ,205 ,234 ,68 ,76 
01,新北市,014343,市立安康高中,50 ,102 ,0 ,0 ,5 ,14 ,33 ,474 ,541 ,132 ,170 
01,新北市,014347,市立雙溪高中,25 ,43 ,0 ,0 ,3 ,10 ,15 ,164 ,126 ,25 ,45 
01,新北市,014348,市立石碇高中,29 ,45 ,0 ,0 ,5 ,6 ,18 ,224 ,220 ,81 ,79 
01,新北市,014353,市立丹鳳高中,74 ,152 ,0 ,0 ,6 ,13 ,30 ,508 ,552 ,156 ,159 
01,新北市,014356,市立清水高中,71 ,150 ,0 ,0 ,2 ,17 ,44 ,649 ,726 ,203 ,208 
01,新北市,014357,市立三民高中,64 ,146 ,17 ,24 ,2 ,19 ,46 ,717 ,754 ,226 ,243 
01,新北市,014362,市立錦和高中,50 ,131 ,6 ,14 ,4 ,12 ,33 ,566 ,509 ,146 ,184 
01,新北市,014363,市立光復高中,34 ,91 ,6 ,4 ,1 ,12 ,21 ,308 ,379 ,102 ,110 
01,新北市,014364,市立竹圍高中,44 ,66 ,0 ,0 ,2 ,10 ,22 ,442 ,336 ,116 ,109 
01,新北市,014381,市立北大高級中學,25 ,49 ,0 ,0 ,1 ,8 ,18 ,345 ,344 ,115 ,116 
01,新北市,014399,市立豐珠中學,3 ,10 ,0 ,0 ,3 ,4 ,1 ,0 ,1 ,0 ,0 
02,宜蘭縣,020301,國立蘭陽女中,39 ,59 ,0 ,0 ,2 ,16 ,42 ,0 ,"1,335 ",0 ,485 
02,宜蘭縣,020302,國立宜蘭高中,62 ,46 ,2 ,0 ,7 ,14 ,43 ,"1,299 ",163 ,473 ,56 
02,宜蘭縣,020308,國立羅東高中,39 ,60 ,0 ,0 ,7 ,12 ,42 ,672 ,710 ,226 ,255 
02,宜蘭縣,021301,私立慧燈高中,48 ,43 ,0 ,0 ,13 ,15 ,19 ,515 ,285 ,168 ,86 
02,宜蘭縣,021310,私立中道高中,20 ,12 ,0 ,0 ,7 ,6 ,8 ,174 ,107 ,58 ,20 
02,宜蘭縣,024322,縣立南澳高中,27 ,28 ,0 ,0 ,2 ,7 ,9 ,112 ,63 ,34 ,25 
02,宜蘭縣,024325,縣立慈心華德福實中,14 ,21 ,0 ,0 ,6 ,10 ,4 ,62 ,50 ,8 ,24 
03,桃園市,030305,國立中央大學附屬中壢高中,63 ,81 ,19 ,32 ,3 ,21 ,60 ,"1,136 ","1,072 ",414 ,353 
03,桃園市,031301,私立漢英高中,2 ,1 ,1 ,5 ,2 ,3 ,2 ,8 ,1 ,10 ,10 
03,桃園市,031309,桃園市育達高中,64 ,109 ,11 ,21 ,9 ,16 ,144 ,"2,175 ","2,807 ",734 ,"1,026 "
03,桃園市,031310,私立六和高中,48 ,81 ,0 ,0 ,8 ,15 ,30 ,713 ,480 ,202 ,110 
03,桃園市,031311,桃園市復旦高中,53 ,99 ,0 ,0 ,6 ,17 ,36 ,938 ,759 ,288 ,251 
03,桃園市,031312,桃園市治平高中,86 ,96 ,67 ,34 ,7 ,30 ,132 ,"2,799 ","2,169 ",802 ,721 
03,桃園市,031313,桃園市振聲高中,63 ,97 ,20 ,18 ,4 ,23 ,70 ,"1,264 ","1,844 ",428 ,642 
03,桃園市,031317,私立光啟高中,19 ,25 ,3 ,0 ,2 ,8 ,28 ,732 ,216 ,317 ,91 
03,桃園市,031318,桃園市啟英高中,86 ,117 ,42 ,23 ,6 ,17 ,149 ,"2,948 ","2,546 ",956 ,"1,017 "
03,桃園市,031319,桃園市清華高中,14 ,5 ,7 ,3 ,1 ,5 ,22 ,276 ,98 ,108 ,36 
03,桃園市,031320,桃園市新興高中,105 ,146 ,11 ,5 ,5 ,21 ,122 ,"3,244 ","2,268 ","1,181 ",836 
03,桃園市,031323,私立至善高中,10 ,9 ,0 ,0 ,6 ,8 ,25 ,231 ,124 ,66 ,45 
03,桃園市,031324,桃園市大興高中,52 ,38 ,5 ,3 ,3 ,8 ,52 ,"1,261 ",529 ,383 ,140 
03,桃園市,031326,私立大華高中,16 ,34 ,0 ,0 ,5 ,14 ,6 ,128 ,140 ,50 ,33 
03,桃園市,033302,市立龍潭高中,54 ,67 ,0 ,0 ,10 ,17 ,45 ,874 ,468 ,233 ,159 
03,桃園市,033304,市立桃園高中,63 ,103 ,1 ,5 ,4 ,22 ,66 ,"1,192 ","1,175 ",431 ,399 
03,桃園市,033306,市立武陵高中,63 ,81 ,0 ,0 ,6 ,19 ,63 ,"1,299 ","1,027 ",451 ,343 
03,桃園市,033316,市立楊梅高中,58 ,67 ,3 ,4 ,5 ,19 ,50 ,977 ,677 ,217 ,194 
03,桃園市,033325,市立陽明高中,53 ,96 ,1 ,5 ,4 ,22 ,60 ,"1,049 ","1,123 ",305 ,358 
03,桃園市,033327,市立內壢高中,53 ,93 ,0 ,0 ,5 ,18 ,57 ,"1,030 ","1,060 ",342 ,347 
03,桃園市,034306,市立南崁高中,27 ,74 ,0 ,0 ,3 ,15 ,42 ,692 ,744 ,199 ,267 
03,桃園市,034312,市立大溪高中,30 ,53 ,6 ,4 ,3 ,12 ,33 ,549 ,514 ,147 ,151 
03,桃園市,034314,市立壽山高中,64 ,77 ,0 ,0 ,5 ,17 ,54 ,790 ,"1,089 ",207 ,322 
03,桃園市,034319,市立平鎮高中,48 ,75 ,0 ,0 ,3 ,16 ,48 ,854 ,802 ,257 ,278 
03,桃園市,034332,市立觀音高中,51 ,89 ,0 ,0 ,10 ,13 ,27 ,446 ,397 ,117 ,116 
03,桃園市,034335,市立新屋高級中等學校,45 ,84 ,6 ,11 ,6 ,11 ,21 ,287 ,164 ,110 ,68 
03,桃園市,034347,市立永豐高中,61 ,131 ,0 ,0 ,3 ,18 ,39 ,695 ,614 ,189 ,224 
03,桃園市,034399,市立大園國際高中,49 ,66 ,0 ,0 ,4 ,16 ,45 ,653 ,878 ,180 ,302 
04,新竹縣,040302,國立竹東高中,37 ,72 ,4 ,5 ,9 ,12 ,48 ,814 ,752 ,240 ,255 
04,新竹縣,040304,國立關西高中,25 ,46 ,3 ,1 ,10 ,11 ,27 ,432 ,456 ,153 ,141 
04,新竹縣,040308,國立竹北高中,41 ,96 ,11 ,19 ,7 ,22 ,57 ,"1,060 ",834 ,369 ,269 
04,新竹縣,041303,私立義民高中,40 ,63 ,16 ,18 ,2 ,16 ,42 ,986 ,958 ,354 ,296 
04,新竹縣,041305,私立忠信高中,19 ,24 ,5 ,10 ,0 ,2 ,19 ,298 ,235 ,147 ,93 
04,新竹縣,041306,私立東泰高中,28 ,31 ,15 ,7 ,7 ,12 ,59 ,956 ,529 ,246 ,162 
04,新竹縣,041307,私立仰德高中,23 ,35 ,8 ,6 ,3 ,14 ,40 ,696 ,532 ,178 ,170 
04,新竹縣,044311,縣立六家高級中學,29 ,67 ,0 ,0 ,0 ,10 ,21 ,428 ,411 ,119 ,122 
04,新竹縣,044320,縣立湖口高中,40 ,113 ,0 ,0 ,6 ,11 ,18 ,320 ,291 ,73 ,101 
05,苗栗縣,050303,國立苗栗高中,34 ,62 ,2 ,5 ,7 ,13 ,42 ,643 ,709 ,232 ,245 
05,苗栗縣,050310,國立竹南高中,34 ,71 ,0 ,0 ,5 ,21 ,42 ,785 ,692 ,225 ,253 
05,苗栗縣,050314,國立卓蘭高中,41 ,65 ,0 ,0 ,7 ,18 ,33 ,318 ,583 ,87 ,190 
05,苗栗縣,050315,國立苑裡高中,38 ,48 ,6 ,6 ,5 ,13 ,36 ,481 ,663 ,149 ,249 
05,苗栗縣,051302,私立君毅高中,44 ,60 ,3 ,3 ,11 ,9 ,41 ,858 ,569 ,282 ,237 
05,苗栗縣,051305,私立大成高中,12 ,12 ,7 ,5 ,3 ,3 ,29 ,160 ,238 ,75 ,71 
05,苗栗縣,051306,私立建臺高中,33 ,51 ,6 ,10 ,4 ,11 ,24 ,536 ,417 ,187 ,156 
05,苗栗縣,051307,私立全人實驗高中,6 ,3 ,5 ,2 ,0 ,2 ,3 ,25 ,9 ,3 ,1 
05,苗栗縣,054308,縣立三義高中,21 ,46 ,0 ,0 ,2 ,7 ,12 ,184 ,187 ,42 ,63 
05,苗栗縣,054309,縣立苑裡高中,45 ,88 ,0 ,0 ,9 ,10 ,21 ,267 ,305 ,72 ,112 
05,苗栗縣,054317,縣立興華高中,38 ,67 ,0 ,0 ,4 ,12 ,19 ,284 ,273 ,76 ,93 
05,苗栗縣,054333,縣立大同高中,18 ,38 ,0 ,0 ,4 ,6 ,14 ,201 ,211 ,47 ,63 
06,臺中市,060322,國立興大附中,56 ,45 ,1 ,13 ,4 ,17 ,42 ,854 ,699 ,287 ,263 
06,臺中市,060323,國立中科實驗高級中學,26 ,34 ,0 ,0 ,3 ,11 ,15 ,218 ,188 ,72 ,49 
06,臺中市,061301,財團法人常春藤高中,16 ,19 ,17 ,6 ,8 ,14 ,18 ,276 ,250 ,80 ,98 
06,臺中市,061306,私立明台高中,36 ,67 ,10 ,14 ,11 ,14 ,56 ,687 ,"1,140 ",298 ,448 
06,臺中市,061309,私立致用高中,39 ,59 ,29 ,7 ,4 ,19 ,64 ,"1,338 ",824 ,489 ,306 
06,臺中市,061310,私立大明高中,46 ,65 ,13 ,9 ,7 ,17 ,45 ,872 ,768 ,363 ,356 
06,臺中市,061311,私立嘉陽高中,15 ,18 ,1 ,1 ,3 ,2 ,43 ,808 ,577 ,353 ,227 
06,臺中市,061313,私立明道高中,143 ,203 ,7 ,6 ,11 ,45 ,93 ,"2,141 ","2,219 ",748 ,723 
06,臺中市,061314,私立僑泰高中,106 ,132 ,7 ,15 ,11 ,32 ,125 ,"2,823 ","2,428 ",923 ,899 
06,臺中市,061315,私立華盛頓高中,41 ,57 ,6 ,2 ,0 ,18 ,24 ,577 ,471 ,161 ,155 
06,臺中市,061316,私立青年高中,48 ,69 ,48 ,58 ,4 ,19 ,71 ,"1,347 ",804 ,525 ,326 
06,臺中市,061317,私立弘文高中,62 ,75 ,8 ,3 ,13 ,20 ,35 ,799 ,708 ,206 ,205 
06,臺中市,061318,私立立人高中,45 ,79 ,7 ,7 ,5 ,23 ,48 ,"1,065 ","1,164 ",322 ,407 
06,臺中市,061319,私立玉山高中,9 ,7 ,3 ,3 ,3 ,8 ,19 ,211 ,132 ,76 ,35 
06,臺中市,061321,私立慈明高中,40 ,53 ,0 ,0 ,10 ,26 ,53 ,881 ,918 ,249 ,339 
06,臺中市,061322,華德福大地實驗學校,4 ,10 ,0 ,0 ,0 ,3 ,3 ,12 ,7 ,7 ,3 
06,臺中市,063303,市立大甲高中,46 ,71 ,0 ,0 ,13 ,13 ,42 ,632 ,771 ,218 ,258 
06,臺中市,063305,市立清水高中,41 ,59 ,0 ,0 ,3 ,17 ,42 ,682 ,774 ,196 ,306 
06,臺中市,063312,市立豐原高中,45 ,62 ,2 ,2 ,6 ,15 ,45 ,686 ,855 ,242 ,303 
06,臺中市,064308,市立后綜高中,56 ,104 ,0 ,0 ,9 ,15 ,30 ,384 ,508 ,146 ,170 
06,臺中市,064324,市立大里高中,41 ,68 ,0 ,0 ,9 ,13 ,23 ,372 ,381 ,114 ,129 
06,臺中市,064328,市立新社高中,46 ,82 ,0 ,0 ,4 ,14 ,27 ,405 ,438 ,143 ,132 
06,臺中市,064336,市立長億高中,44 ,79 ,0 ,0 ,3 ,13 ,24 ,402 ,384 ,135 ,131 
06,臺中市,064342,市立中港高中,52 ,84 ,0 ,0 ,4 ,14 ,21 ,339 ,362 ,116 ,149 
06,臺中市,064350,市立龍津高中,39 ,71 ,0 ,0 ,7 ,6 ,18 ,221 ,267 ,54 ,90 
07,彰化縣,070301,國立彰化女中,36 ,60 ,4 ,9 ,4 ,19 ,45 ,0 ,"1,649 ",0 ,594 
07,彰化縣,070304,國立員林高中,55 ,63 ,4 ,4 ,9 ,14 ,51 ,745 ,"1,100 ",278 ,403 
07,彰化縣,070307,國立彰化高中,77 ,69 ,14 ,9 ,8 ,19 ,63 ,"2,220 ",75 ,771 ,25 
07,彰化縣,070316,國立鹿港高中,46 ,59 ,2 ,2 ,9 ,15 ,46 ,812 ,704 ,248 ,269 
07,彰化縣,070319,國立溪湖高中,48 ,61 ,6 ,8 ,9 ,15 ,45 ,685 ,913 ,238 ,332 
07,彰化縣,071311,私立精誠高中,66 ,74 ,1 ,3 ,5 ,13 ,30 ,789 ,619 ,255 ,213 
07,彰化縣,071317,私立文興高中,33 ,53 ,7 ,5 ,3 ,16 ,19 ,367 ,451 ,136 ,144 
07,彰化縣,071318,財團法人正德高中,18 ,18 ,4 ,12 ,5 ,10 ,25 ,411 ,472 ,68 ,75 
07,彰化縣,074308,縣立彰化藝術高中,39 ,78 ,0 ,0 ,7 ,11 ,27 ,341 ,412 ,100 ,155 
07,彰化縣,074313,縣立二林高中,53 ,77 ,0 ,0 ,6 ,7 ,15 ,205 ,188 ,69 ,71 
07,彰化縣,074323,縣立和美高中,52 ,94 ,1 ,3 ,3 ,12 ,21 ,282 ,337 ,100 ,132 
07,彰化縣,074328,縣立田中高中,47 ,67 ,0 ,0 ,8 ,8 ,13 ,170 ,165 ,68 ,61 
07,彰化縣,074339,縣立成功高中,51 ,66 ,0 ,0 ,3 ,12 ,16 ,197 ,199 ,72 ,51 
08,南投縣,080302,國立南投高中,63 ,53 ,2 ,1 ,14 ,15 ,45 ,751 ,621 ,252 ,210 
08,南投縣,080305,國立中興高中,45 ,54 ,4 ,3 ,2 ,18 ,40 ,633 ,610 ,189 ,250 
08,南投縣,080307,國立竹山高中,45 ,62 ,0 ,0 ,14 ,14 ,42 ,583 ,542 ,152 ,174 
08,南投縣,080308,國立暨大附中,40 ,59 ,4 ,1 ,4 ,16 ,39 ,463 ,620 ,119 ,192 
08,南投縣,081311,私立五育高中,11 ,13 ,3 ,7 ,6 ,9 ,14 ,199 ,252 ,68 ,83 
08,南投縣,081312,私立三育高中,9 ,4 ,2 ,2 ,3 ,6 ,3 ,51 ,30 ,6 ,12 
08,南投縣,081313,私立弘明實驗高中,10 ,11 ,9 ,4 ,9 ,13 ,3 ,51 ,47 ,14 ,15 
08,南投縣,081314,私立普台高中,26 ,31 ,0 ,0 ,9 ,10 ,15 ,271 ,217 ,103 ,79 
08,南投縣,084309,縣立旭光高中,60 ,101 ,0 ,0 ,4 ,12 ,21 ,318 ,344 ,87 ,133 
09,雲林縣,090305,國立斗六高中,59 ,54 ,0 ,0 ,9 ,15 ,48 ,757 ,803 ,224 ,301 
09,雲林縣,090306,國立北港高中,26 ,53 ,1 ,0 ,3 ,15 ,32 ,378 ,431 ,125 ,156 
09,雲林縣,090315,國立虎尾高中,40 ,48 ,0 ,0 ,4 ,17 ,42 ,660 ,728 ,228 ,264 
09,雲林縣,091307,私立永年高中,15 ,21 ,12 ,6 ,4 ,12 ,8 ,171 ,101 ,91 ,44 
09,雲林縣,091308,私立正心高中,61 ,65 ,0 ,3 ,10 ,10 ,26 ,606 ,523 ,207 ,185 
09,雲林縣,091311,私立文生高中,15 ,14 ,0 ,0 ,4 ,5 ,9 ,150 ,119 ,35 ,31 
09,雲林縣,091312,私立巨人高中,5 ,11 ,0 ,0 ,2 ,5 ,15 ,172 ,404 ,47 ,124 
09,雲林縣,091316,私立揚子高中,27 ,33 ,0 ,0 ,3 ,6 ,18 ,388 ,255 ,126 ,91 
09,雲林縣,091318,財團法人義峰高中,17 ,16 ,8 ,16 ,3 ,10 ,29 ,469 ,370 ,183 ,128 
09,雲林縣,091319,福智高中,7 ,35 ,0 ,0 ,3 ,3 ,10 ,146 ,157 ,47 ,73 
09,雲林縣,091320,雲林縣維多利亞實驗高中,18 ,14 ,0 ,0 ,2 ,8 ,6 ,60 ,56 ,17 ,11 
09,雲林縣,094301,縣立斗南高中,37 ,72 ,0 ,0 ,7 ,14 ,18 ,282 ,254 ,86 ,97 
09,雲林縣,094307,縣立麥寮高中,51 ,67 ,0 ,0 ,5 ,14 ,15 ,250 ,211 ,76 ,54 
09,雲林縣,094308,縣立古坑華德福實驗高級中學,13 ,13 ,3 ,5 ,1 ,0 ,3 ,17 ,19 ,3 ,3 
09,雲林縣,094326,縣立蔦松藝術高中,18 ,29 ,0 ,0 ,4 ,6 ,6 ,46 ,62 ,18 ,18 
10,嘉義縣,100301,國立東石高中,63 ,37 ,1 ,1 ,13 ,12 ,38 ,828 ,364 ,266 ,140 
10,嘉義縣,100302,國立新港藝術高中,20 ,21 ,3 ,3 ,4 ,9 ,15 ,137 ,174 ,42 ,59 
10,嘉義縣,101303,私立同濟高中,9 ,7 ,0 ,0 ,4 ,3 ,6 ,82 ,56 ,47 ,46 
10,嘉義縣,101304,私立協同高中,50 ,52 ,0 ,0 ,14 ,13 ,23 ,527 ,454 ,155 ,184 
10,嘉義縣,104319,縣立竹崎高中,46 ,61 ,0 ,0 ,1 ,10 ,20 ,239 ,254 ,77 ,71 
10,嘉義縣,104326,縣立永慶高中,38 ,33 ,1 ,0 ,2 ,6 ,16 ,215 ,222 ,43 ,71 
11,臺南市,110302,國立新豐高中,39 ,51 ,3 ,7 ,5 ,16 ,36 ,507 ,534 ,177 ,187 
11,臺南市,110308,國立臺南大學附中,49 ,70 ,12 ,5 ,13 ,14 ,48 ,741 ,779 ,238 ,301 
11,臺南市,110311,國立北門高中,30 ,43 ,4 ,3 ,6 ,9 ,30 ,484 ,468 ,128 ,160 
11,臺南市,110312,國立新營高中,34 ,55 ,3 ,2 ,7 ,13 ,33 ,387 ,611 ,134 ,213 
11,臺南市,110314,國立後壁高中,34 ,50 ,6 ,3 ,10 ,13 ,30 ,335 ,310 ,103 ,103 
11,臺南市,110315,國立善化高中,29 ,45 ,0 ,0 ,9 ,10 ,30 ,490 ,411 ,144 ,115 
11,臺南市,110317,國立新化高中,37 ,48 ,1 ,1 ,4 ,14 ,36 ,520 ,679 ,148 ,237 
11,臺南市,110328,國立南科國際實驗高中,34 ,58 ,0 ,6 ,6 ,16 ,15 ,232 ,166 ,56 ,62 
11,臺南市,111313,私立南光高中,35 ,42 ,8 ,7 ,5 ,6 ,23 ,518 ,438 ,183 ,149 
11,臺南市,111318,私立鳳和高中,2 ,0 ,0 ,0 ,0 ,0 ,1 ,13 ,20 ,19 ,12 
11,臺南市,111320,私立港明高中,75 ,46 ,5 ,11 ,2 ,12 ,37 ,928 ,666 ,337 ,205 
11,臺南市,111321,臺南市興國高中,34 ,45 ,0 ,0 ,2 ,9 ,20 ,441 ,376 ,159 ,128 
11,臺南市,111322,私立明達高中,18 ,8 ,3 ,3 ,2 ,6 ,8 ,147 ,124 ,45 ,44 
11,臺南市,111323,私立黎明高中,42 ,36 ,11 ,8 ,3 ,9 ,21 ,506 ,394 ,148 ,140 
11,臺南市,111326,私立新榮高中,9 ,7 ,0 ,0 ,6 ,3 ,13 ,106 ,48 ,58 ,27 
11,臺南市,114306,市立大灣高中,45 ,119 ,10 ,13 ,3 ,11 ,18 ,388 ,287 ,125 ,114 
11,臺南市,114307,市立永仁高中,30 ,72 ,0 ,0 ,3 ,10 ,12 ,167 ,221 ,58 ,63 
12,高雄市,120303,國立鳳山高中,51 ,77 ,4 ,6 ,3 ,18 ,54 ,"1,141 ",799 ,390 ,292 
12,高雄市,120304,國立岡山高中,38 ,66 ,0 ,0 ,4 ,15 ,45 ,731 ,704 ,238 ,256 
12,高雄市,120311,國立旗美高中,22 ,45 ,1 ,2 ,7 ,9 ,26 ,268 ,386 ,103 ,149 
12,高雄市,120319,國立鳳新高中,55 ,83 ,17 ,55 ,5 ,17 ,57 ,983 ,996 ,331 ,325 
12,高雄市,121306,財團法人新光高中,4 ,3 ,0 ,0 ,1 ,4 ,13 ,168 ,141 ,35 ,31 
12,高雄市,121307,財團法人普門中學,17 ,26 ,12 ,7 ,3 ,10 ,15 ,201 ,144 ,73 ,39 
12,高雄市,121318,私立正義高中,8 ,23 ,10 ,8 ,0 ,7 ,10 ,182 ,160 ,50 ,38 
12,高雄市,121320,私立義大國際高中,15 ,21 ,0 ,0 ,4 ,5 ,6 ,128 ,102 ,48 ,38 
12,高雄市,124302,市立文山高中,39 ,88 ,1 ,2 ,5 ,12 ,24 ,347 ,378 ,109 ,130 
12,高雄市,124311,市立林園高中,59 ,107 ,0 ,0 ,5 ,17 ,18 ,269 ,279 ,78 ,101 
12,高雄市,124313,市立仁武高中,54 ,64 ,0 ,0 ,6 ,10 ,21 ,291 ,240 ,80 ,76 
12,高雄市,124322,市立路竹高中,52 ,94 ,9 ,10 ,5 ,14 ,21 ,309 ,260 ,91 ,65 
12,高雄市,124333,市立六龜高中,22 ,25 ,0 ,0 ,2 ,5 ,6 ,42 ,32 ,10 ,21 
12,高雄市,124340,市立福誠高中,51 ,101 ,6 ,12 ,5 ,11 ,21 ,358 ,331 ,115 ,118 
13,屏東縣,130302,國立屏東女中,37 ,66 ,0 ,0 ,6 ,16 ,48 ,6 ,"1,553 ",4 ,541 
13,屏東縣,130305,國立屏東高中,64 ,66 ,0 ,0 ,13 ,16 ,57 ,"1,760 ",56 ,567 ,16 
13,屏東縣,130306,國立潮州高中,39 ,57 ,0 ,0 ,8 ,13 ,42 ,608 ,758 ,185 ,280 
13,屏東縣,130322,國立屏北高中,27 ,37 ,0 ,0 ,5 ,11 ,30 ,288 ,476 ,81 ,189 
13,屏東縣,131302,屏東縣崇華高中,7 ,9 ,1 ,0 ,3 ,1 ,1 ,6 ,9 ,0 ,0 
13,屏東縣,131307,財團法人屏榮高中,52 ,56 ,0 ,0 ,7 ,8 ,56 ,"1,029 ","1,007 ",337 ,387 
13,屏東縣,131308,私立陸興高中,13 ,10 ,7 ,4 ,2 ,7 ,8 ,167 ,106 ,67 ,44 
13,屏東縣,131311,私立美和高中,30 ,26 ,1 ,1 ,4 ,9 ,18 ,375 ,234 ,120 ,77 
13,屏東縣,134304,縣立大同高中,40 ,83 ,0 ,0 ,1 ,10 ,22 ,205 ,442 ,72 ,151 
13,屏東縣,134321,縣立枋寮高中,37 ,65 ,0 ,0 ,6 ,9 ,13 ,157 ,153 ,40 ,41 
13,屏東縣,134324,縣立東港高中,67 ,84 ,0 ,0 ,6 ,8 ,21 ,363 ,302 ,81 ,108 
13,屏東縣,134334,縣立來義高中,25 ,29 ,0 ,0 ,2 ,6 ,12 ,100 ,67 ,20 ,21 
14,臺東縣,140301,國立臺東大學附屬體育高中,21 ,20 ,0 ,0 ,9 ,13 ,9 ,135 ,57 ,41 ,32 
14,臺東縣,140302,國立臺東女中,23 ,45 ,0 ,0 ,3 ,13 ,27 ,11 ,805 ,5 ,291 
14,臺東縣,140303,國立臺東高中,40 ,42 ,0 ,0 ,5 ,13 ,30 ,874 ,39 ,253 ,5 
14,臺東縣,141301,臺東縣均一高中,14 ,14 ,0 ,0 ,4 ,9 ,6 ,68 ,75 ,14 ,11 
14,臺東縣,141307,私立育仁高中,7 ,8 ,0 ,0 ,0 ,9 ,9 ,66 ,77 ,10 ,27 
14,臺東縣,144322,縣立蘭嶼高中,10 ,21 ,0 ,0 ,3 ,6 ,3 ,42 ,13 ,12 ,7 
15,花蓮縣,150302,國立花蓮女中,39 ,42 ,8 ,8 ,2 ,13 ,33 ,7 ,"1,020 ",1 ,342 
15,花蓮縣,150303,國立花蓮高中,44 ,48 ,9 ,22 ,4 ,15 ,36 ,"1,094 ",21 ,253 ,5 
15,花蓮縣,150309,國立玉里高中,32 ,48 ,2 ,1 ,10 ,10 ,33 ,282 ,212 ,75 ,73 
15,花蓮縣,151306,私立海星高中,19 ,34 ,15 ,21 ,4 ,7 ,20 ,298 ,406 ,95 ,159 
15,花蓮縣,151307,私立四維高中,29 ,36 ,11 ,6 ,9 ,10 ,29 ,656 ,535 ,240 ,229 
15,花蓮縣,151312,財團法人慈濟大學附中,41 ,40 ,6 ,7 ,7 ,9 ,15 ,283 ,269 ,61 ,97 
15,花蓮縣,154301,花蓮縣立體育高中,11 ,9 ,1 ,0 ,3 ,9 ,6 ,113 ,37 ,21 ,8 
15,花蓮縣,154399,縣立南平中學,2 ,4 ,0 ,0 ,0 ,7 ,2 ,0 ,3 ,0 ,1 
16,澎湖縣,160302,國立馬公高中,49 ,58 ,3 ,15 ,9 ,14 ,47 ,562 ,673 ,164 ,225 
17,基隆市,170301,國立基隆女中,44 ,70 ,1 ,6 ,5 ,23 ,45 ,0 ,962 ,0 ,389 
17,基隆市,170302,國立基隆高中,37 ,53 ,12 ,45 ,6 ,17 ,33 ,406 ,190 ,117 ,20 
17,基隆市,171306,私立二信高中,76 ,92 ,6 ,6 ,15 ,23 ,53 ,"1,088 ",857 ,390 ,305 
17,基隆市,171308,輔大聖心高中,17 ,21 ,0 ,0 ,4 ,7 ,16 ,279 ,135 ,105 ,31 
17,基隆市,173304,市立中山高中,31 ,51 ,4 ,8 ,5 ,11 ,12 ,120 ,113 ,44 ,33 
17,基隆市,173306,市立安樂高中,31 ,55 ,3 ,7 ,2 ,12 ,12 ,205 ,171 ,65 ,60 
17,基隆市,173307,市立暖暖高中,18 ,43 ,0 ,0 ,4 ,9 ,12 ,159 ,129 ,66 ,36 
17,基隆市,173314,市立八斗高中,27 ,39 ,0 ,0 ,1 ,10 ,12 ,79 ,62 ,27 ,17 
18,新竹市,180301,國立竹科實驗高級中等學校,43 ,78 ,0 ,0 ,6 ,30 ,21 ,392 ,258 ,131 ,119 
18,新竹市,180302,國立新竹女中,37 ,95 ,3 ,3 ,1 ,23 ,54 ,21 ,"1,920 ",2 ,683 
18,新竹市,180309,國立新竹高中,60 ,75 ,28 ,54 ,5 ,20 ,55 ,"1,939 ",66 ,706 ,23 
18,新竹市,181305,私立光復高中,82 ,105 ,21 ,22 ,9 ,22 ,110 ,"2,482 ","1,993 ",686 ,546 
18,新竹市,181306,私立曙光女中,25 ,79 ,0 ,0 ,0 ,10 ,24 ,15 ,"1,082 ",2 ,349 
18,新竹市,181307,私立磐石高中,51 ,55 ,11 ,11 ,12 ,12 ,42 ,"1,221 ",671 ,385 ,201 
18,新竹市,181308,私立世界高中,7 ,18 ,8 ,9 ,2 ,6 ,25 ,219 ,260 ,106 ,123 
18,新竹市,183306,市立成德高中,31 ,90 ,0 ,0 ,3 ,13 ,27 ,577 ,334 ,155 ,111 
18,新竹市,183307,市立香山高中,35 ,96 ,0 ,0 ,5 ,13 ,27 ,501 ,432 ,126 ,136 
18,新竹市,183313,市立建功高中,31 ,123 ,23 ,24 ,1 ,15 ,24 ,523 ,443 ,168 ,160 
19,臺中市,191301,私立東大附中,25 ,48 ,3 ,8 ,4 ,4 ,18 ,403 ,396 ,109 ,146 
19,臺中市,191302,私立葳格高中,22 ,45 ,0 ,0 ,10 ,32 ,25 ,369 ,381 ,145 ,149 
19,臺中市,191305,私立新民高中,111 ,141 ,11 ,39 ,13 ,21 ,130 ,"2,732 ","2,808 ",767 ,915 
19,臺中市,191308,私立宜寧高中,21 ,45 ,16 ,14 ,4 ,12 ,37 ,865 ,636 ,256 ,202 
19,臺中市,191309,私立明德高中,40 ,117 ,14 ,9 ,8 ,19 ,70 ,815 ,"1,895 ",273 ,668 
19,臺中市,191311,私立衛道高中,76 ,85 ,1 ,1 ,12 ,22 ,24 ,758 ,327 ,222 ,134 
19,臺中市,191313,私立曉明女中,36 ,66 ,1 ,11 ,2 ,15 ,18 ,0 ,851 ,0 ,274 
19,臺中市,191314,私立嶺東高中,68 ,76 ,7 ,19 ,13 ,21 ,77 ,"1,648 ","1,261 ",558 ,438 
19,臺中市,191315,私立磊川華德福實驗教育學校,11 ,17 ,0 ,0 ,2 ,7 ,3 ,22 ,23 ,12 ,5 
19,臺中市,193301,市立臺中女中,52 ,76 ,6 ,15 ,5 ,17 ,54 ,0 ,"1,967 ",0 ,703 
19,臺中市,193302,市立臺中一中,96 ,73 ,0 ,0 ,9 ,18 ,75 ,"2,678 ",84 ,943 ,26 
19,臺中市,193303,市立忠明高中,36 ,86 ,0 ,0 ,3 ,15 ,27 ,337 ,615 ,90 ,238 
19,臺中市,193313,市立西苑高中,67 ,136 ,0 ,0 ,6 ,21 ,27 ,487 ,473 ,157 ,204 
19,臺中市,193315,市立東山高中,74 ,159 ,0 ,0 ,10 ,16 ,30 ,516 ,523 ,155 ,208 
19,臺中市,193316,市立惠文高中,62 ,105 ,0 ,0 ,7 ,15 ,33 ,680 ,557 ,218 ,207 
19,臺中市,194303,市立臺中二中,72 ,90 ,0 ,0 ,7 ,24 ,69 ,"1,591 ",862 ,556 ,270 
19,臺中市,194315,市立文華高中,53 ,82 ,5 ,20 ,4 ,23 ,60 ,733 ,"1,398 ",251 ,503 
20,嘉義市,200302,國立嘉義女中,44 ,61 ,2 ,16 ,6 ,16 ,48 ,0 ,"1,627 ",0 ,568 
20,嘉義市,200303,國立嘉義高中,67 ,85 ,23 ,14 ,6 ,21 ,66 ,"1,997 ",159 ,684 ,46 
20,嘉義市,201304,私立興華高中,26 ,49 ,0 ,0 ,9 ,10 ,30 ,610 ,474 ,238 ,226 
20,嘉義市,201309,私立仁義高中,2 ,1 ,4 ,3 ,2 ,3 ,4 ,70 ,16 ,39 ,11 
20,嘉義市,201310,私立嘉華高中,21 ,24 ,7 ,2 ,5 ,3 ,15 ,276 ,200 ,78 ,72 
20,嘉義市,201312,私立輔仁高中,38 ,33 ,0 ,0 ,6 ,13 ,19 ,456 ,321 ,141 ,104 
20,嘉義市,201313,私立宏仁女中,9 ,15 ,0 ,0 ,2 ,9 ,5 ,15 ,156 ,0 ,47 
20,嘉義市,201314,私立立仁高中,7 ,8 ,3 ,7 ,1 ,4 ,7 ,121 ,150 ,51 ,67 
21,臺南市,210303,國立臺南二中,55 ,78 ,3 ,10 ,3 ,19 ,57 ,"1,251 ",768 ,428 ,233 
21,臺南市,210305,國立臺南一中,90 ,64 ,0 ,0 ,4 ,21 ,60 ,"2,042 ",58 ,719 ,18 
21,臺南市,210306,國立臺南女中,42 ,85 ,9 ,33 ,7 ,17 ,57 ,16 ,"1,975 ",3 ,706 
21,臺南市,210309,國立家齊高中,40 ,86 ,0 ,0 ,7 ,16 ,51 ,388 ,"1,301 ",124 ,477 
21,臺南市,211301,私立長榮高中,65 ,63 ,10 ,20 ,25 ,17 ,67 ,"1,272 ",839 ,462 ,368 
21,臺南市,211302,私立長榮女中,6 ,22 ,5 ,14 ,5 ,11 ,18 ,152 ,571 ,55 ,312 
21,臺南市,211304,財團法人聖功女中,28 ,54 ,1 ,9 ,2 ,24 ,18 ,0 ,799 ,0 ,255 
21,臺南市,211310,臺南市光華高中,16 ,52 ,0 ,0 ,0 ,15 ,35 ,383 ,880 ,107 ,288 
21,臺南市,211314,私立六信高中,15 ,11 ,0 ,0 ,2 ,6 ,23 ,300 ,232 ,56 ,85 
21,臺南市,211315,私立瀛海高中,39 ,36 ,0 ,0 ,2 ,10 ,24 ,649 ,399 ,188 ,119 
21,臺南市,211317,私立崑山高中,6 ,14 ,17 ,11 ,0 ,2 ,20 ,115 ,118 ,69 ,57 
21,臺南市,211318,私立德光高中,41 ,78 ,7 ,5 ,4 ,26 ,24 ,535 ,568 ,164 ,191 
21,臺南市,211320,財團法人慈濟高中,31 ,52 ,2 ,4 ,7 ,12 ,18 ,291 ,258 ,86 ,75 
21,臺南市,213303,市立南寧高中,30 ,42 ,0 ,0 ,5 ,6 ,12 ,186 ,157 ,63 ,62 
21,臺南市,213316,市立土城高中,16 ,32 ,2 ,12 ,1 ,8 ,9 ,108 ,127 ,43 ,45 
30,臺北市,313301,市立西松高中,42 ,67 ,2 ,4 ,11 ,12 ,33 ,630 ,435 ,206 ,123 
30,臺北市,313302,市立中崙高中,38 ,104 ,3 ,5 ,7 ,18 ,30 ,543 ,528 ,184 ,168 
30,臺北市,321399,臺北市私立協和祐德高級中學,19 ,13 ,11 ,8 ,4 ,6 ,22 ,343 ,74 ,175 ,45 
30,臺北市,323301,市立松山高中,57 ,98 ,3 ,17 ,6 ,28 ,62 ,"1,127 ","1,082 ",365 ,355 
30,臺北市,323302,市立永春高中,43 ,78 ,5 ,8 ,3 ,20 ,47 ,773 ,853 ,226 ,286 
30,臺北市,330301,國立師大附中,83 ,135 ,37 ,75 ,12 ,38 ,78 ,"1,891 ",881 ,651 ,316 
30,臺北市,331301,私立延平中學,54 ,78 ,0 ,0 ,8 ,13 ,25 ,728 ,452 ,266 ,168 
30,臺北市,331302,私立金甌女中,17 ,53 ,8 ,7 ,4 ,7 ,30 ,0 ,"1,050 ",0 ,382 
30,臺北市,331304,私立復興實驗高中,35 ,44 ,0 ,0 ,7 ,14 ,9 ,227 ,219 ,75 ,65 
30,臺北市,333301,市立和平高中,44 ,113 ,0 ,0 ,10 ,17 ,41 ,796 ,640 ,226 ,198 
30,臺北市,341302,私立大同高中,21 ,18 ,8 ,5 ,6 ,8 ,21 ,513 ,251 ,196 ,110 
30,臺北市,343301,市立中山女中,55 ,116 ,4 ,9 ,3 ,24 ,66 ,0 ,"2,339 ",0 ,811 
30,臺北市,343302,市立大同高中,50 ,124 ,4 ,15 ,13 ,20 ,48 ,958 ,731 ,265 ,290 
30,臺北市,343303,市立大直高中,50 ,95 ,5 ,2 ,6 ,20 ,30 ,546 ,519 ,174 ,163 
30,臺北市,351301,私立強恕中學,8 ,12 ,2 ,12 ,3 ,7 ,29 ,286 ,400 ,91 ,87 
30,臺北市,353301,市立建國中學,111 ,105 ,4 ,18 ,9 ,25 ,84 ,"2,984 ",0 ,"1,048 ",0 
30,臺北市,353302,市立成功中學,68 ,94 ,8 ,14 ,7 ,20 ,66 ,"2,414 ",0 ,808 ,0 
30,臺北市,353303,市立北一女中,60 ,124 ,5 ,8 ,4 ,19 ,69 ,0 ,"2,466 ",0 ,869 
30,臺北市,361301,臺北市靜修高中,10 ,61 ,2 ,8 ,4 ,5 ,21 ,33 ,795 ,0 ,242 
30,臺北市,363301,市立明倫高中,46 ,77 ,4 ,4 ,8 ,15 ,47 ,880 ,774 ,231 ,277 
30,臺北市,363302,市立成淵高中,51 ,118 ,0 ,0 ,5 ,25 ,36 ,698 ,567 ,235 ,175 
30,臺北市,373301,市立華江高中,47 ,76 ,1 ,8 ,7 ,18 ,50 ,786 ,952 ,204 ,305 
30,臺北市,373302,市立大理高中,46 ,63 ,0 ,0 ,5 ,19 ,27 ,488 ,439 ,138 ,140 
30,臺北市,380301,國立政大附中,26 ,50 ,0 ,0 ,6 ,11 ,18 ,352 ,282 ,106 ,109 
30,臺北市,381301,私立東山高中,65 ,94 ,0 ,0 ,5 ,26 ,36 ,"1,092 ",575 ,324 ,207 
30,臺北市,381302,私立滬江高中,18 ,24 ,15 ,6 ,4 ,10 ,30 ,374 ,207 ,114 ,66 
30,臺北市,381303,私立大誠高中,13 ,5 ,6 ,0 ,2 ,8 ,16 ,180 ,48 ,20 ,1 
30,臺北市,381304,私立再興中學,39 ,54 ,0 ,0 ,5 ,13 ,18 ,437 ,365 ,153 ,131 
30,臺北市,381305,私立景文高中,37 ,48 ,11 ,8 ,8 ,17 ,27 ,531 ,410 ,241 ,160 
30,臺北市,381306,臺北市靜心高中,20 ,32 ,1 ,0 ,4 ,14 ,5 ,73 ,63 ,0 ,0 
30,臺北市,383301,市立景美女中,39 ,107 ,5 ,2 ,7 ,20 ,58 ,0 ,"2,032 ",0 ,699 
30,臺北市,383302,市立萬芳高中,50 ,99 ,1 ,10 ,9 ,21 ,33 ,586 ,577 ,171 ,166 
30,臺北市,393301,市立南港高中,47 ,109 ,0 ,0 ,11 ,14 ,30 ,501 ,507 ,155 ,126 
30,臺北市,393302,市立育成高中,49 ,94 ,0 ,0 ,11 ,24 ,59 ,918 ,930 ,242 ,288 
30,臺北市,401301,私立文德女中,1 ,5 ,10 ,4 ,1 ,3 ,3 ,0 ,67 ,0 ,39 
30,臺北市,401302,私立方濟中學,19 ,9 ,3 ,3 ,3 ,5 ,9 ,243 ,90 ,70 ,27 
30,臺北市,401303,私立達人女中,14 ,40 ,5 ,6 ,1 ,12 ,9 ,0 ,348 ,0 ,114 
30,臺北市,403301,市立內湖高中,49 ,98 ,0 ,15 ,9 ,17 ,60 ,"1,029 ","1,041 ",320 ,343 
30,臺北市,403302,市立麗山高中,32 ,51 ,0 ,0 ,6 ,10 ,33 ,620 ,336 ,166 ,124 
30,臺北市,403303,市立南湖高中,46 ,74 ,2 ,2 ,7 ,21 ,47 ,844 ,777 ,273 ,234 
30,臺北市,411301,私立泰北高中,31 ,36 ,12 ,12 ,4 ,11 ,27 ,340 ,373 ,150 ,151 
30,臺北市,411302,私立衛理女中,14 ,60 ,10 ,4 ,5 ,23 ,13 ,0 ,501 ,0 ,165 
30,臺北市,411303,私立華興中學,32 ,28 ,0 ,0 ,9 ,4 ,6 ,173 ,97 ,29 ,28 
30,臺北市,413301,市立陽明高中,40 ,104 ,5 ,11 ,7 ,25 ,39 ,685 ,667 ,215 ,223 
30,臺北市,413302,市立百齡高中,50 ,118 ,0 ,0 ,10 ,12 ,27 ,530 ,422 ,127 ,154 
30,臺北市,421301,私立薇閣高中,62 ,76 ,0 ,0 ,6 ,9 ,24 ,605 ,513 ,182 ,166 
30,臺北市,421302,臺北市幼華高中,12 ,26 ,18 ,14 ,1 ,6 ,18 ,295 ,163 ,69 ,64 
30,臺北市,421303,臺北市私立奎山實驗高級中學,9 ,12 ,0 ,0 ,1 ,2 ,3 ,63 ,60 ,13 ,14 
30,臺北市,423301,市立復興高中,72 ,97 ,0 ,0 ,7 ,21 ,68 ,926 ,"1,146 ",191 ,264 
30,臺北市,423302,市立中正高中,60 ,112 ,2 ,6 ,10 ,17 ,68 ,"1,252 ","1,081 ",333 ,316 
50,高雄市,521301,天主教明誠高中,37 ,34 ,3 ,4 ,6 ,20 ,18 ,270 ,266 ,84 ,85 
50,高雄市,521303,私立大榮高中,31 ,17 ,10 ,4 ,5 ,8 ,24 ,584 ,32 ,243 ,14 
50,高雄市,523301,市立鼓山高中,33 ,70 ,0 ,3 ,5 ,13 ,27 ,326 ,319 ,92 ,109 
50,高雄市,533301,市立左營高中,42 ,82 ,8 ,14 ,2 ,16 ,54 ,694 ,851 ,196 ,316 
50,高雄市,533302,市立新莊高中,32 ,78 ,7 ,7 ,2 ,12 ,45 ,871 ,674 ,296 ,252 
50,高雄市,540301,國立中山大學附屬國光高中,33 ,50 ,4 ,6 ,6 ,10 ,18 ,325 ,307 ,123 ,102 
50,高雄市,543301,市立中山高中,29 ,65 ,5 ,3 ,3 ,12 ,42 ,656 ,734 ,212 ,280 
50,高雄市,543302,市立楠梓高中,28 ,49 ,3 ,1 ,3 ,10 ,30 ,397 ,428 ,101 ,132 
50,高雄市,551301,私立立志高中,59 ,49 ,31 ,11 ,15 ,12 ,88 ,"1,576 ",608 ,652 ,259 
50,高雄市,551303,南海月光實驗學校,4 ,30 ,0 ,0 ,0 ,1 ,3 ,25 ,3 ,0 ,15 
50,高雄市,553301,市立高雄中學,87 ,82 ,20 ,60 ,6 ,18 ,72 ,"2,527 ",129 ,863 ,32 
50,高雄市,553302,市立三民高中,35 ,52 ,0 ,2 ,5 ,10 ,36 ,607 ,589 ,165 ,195 
50,高雄市,563301,市立新興高中,35 ,72 ,4 ,4 ,2 ,15 ,21 ,324 ,352 ,98 ,112 
50,高雄市,573301,市立高雄女中,41 ,106 ,0 ,4 ,3 ,18 ,63 ,0 ,"2,315 ",0 ,795 
50,高雄市,580301,國立高師大附中,24 ,62 ,4 ,7 ,2 ,17 ,24 ,630 ,239 ,191 ,94 
50,高雄市,581301,私立復華高中,30 ,47 ,6 ,5 ,2 ,12 ,38 ,519 ,701 ,176 ,256 
50,高雄市,581302,天主教道明中學,68 ,97 ,3 ,7 ,4 ,17 ,41 ,922 ,994 ,306 ,297 
50,高雄市,583301,市立中正高中,37 ,103 ,4 ,6 ,5 ,15 ,33 ,572 ,530 ,172 ,197 
50,高雄市,593301,市立前鎮高中,47 ,53 ,4 ,6 ,4 ,13 ,45 ,729 ,797 ,201 ,243 
50,高雄市,593302,市立瑞祥高中,58 ,124 ,4 ,5 ,7 ,17 ,27 ,501 ,410 ,154 ,139 
50,高雄市,613301,市立小港高中,40 ,69 ,0 ,0 ,8 ,8 ,45 ,625 ,772 ,203 ,238 
71,金門縣,710301,國立金門高中,41 ,34 ,0 ,0 ,7 ,12 ,30 ,448 ,493 ,103 ,129 
72,連江縣,720301,國立馬祖高中,15 ,18 ,0 ,0 ,9 ,6 ,12 ,131 ,106 ,44 ,37 
01,新北市,011405,私立樹人家商,25 ,82 ,13 ,15 ,3 ,16 ,61 ,995 ,"1,498 ",269 ,522 
01,新北市,011407,私立復興商工,47 ,53 ,22 ,20 ,6 ,18 ,73 ,"1,035 ","2,145 ",379 ,802 
01,新北市,011408,私立南強工商,36 ,25 ,21 ,16 ,4 ,13 ,44 ,640 ,454 ,294 ,171 
01,新北市,011413,私立穀保家商,23 ,53 ,18 ,11 ,1 ,12 ,42 ,818 ,979 ,251 ,344 
01,新北市,011419,私立開明工商,6 ,4 ,11 ,5 ,3 ,4 ,13 ,232 ,116 ,180 ,64 
01,新北市,011420,私立智光商工,33 ,47 ,5 ,4 ,5 ,17 ,43 ,838 ,430 ,362 ,199 
01,新北市,011421,私立清傳高商,4 ,16 ,5 ,4 ,4 ,6 ,9 ,123 ,188 ,46 ,75 
01,新北市,011426,私立能仁家商,22 ,42 ,30 ,36 ,5 ,13 ,65 ,835 ,"1,071 ",310 ,464 
01,新北市,011427,私立豫章工商,13 ,29 ,8 ,6 ,5 ,12 ,29 ,658 ,293 ,232 ,109 
01,新北市,011431,私立莊敬工家,112 ,82 ,28 ,16 ,66 ,43 ,110 ,"2,270 ","2,649 ",367 ,515 
01,新北市,011432,私立中華商海,9 ,3 ,0 ,0 ,3 ,3 ,9 ,77 ,19 ,22 ,5 
01,新北市,013402,市立瑞芳高工,70 ,60 ,5 ,2 ,18 ,16 ,54 ,830 ,234 ,258 ,79 
01,新北市,013430,市立三重商工,84 ,98 ,14 ,8 ,15 ,18 ,77 ,"1,536 ",753 ,465 ,257 
01,新北市,013433,市立新北高工,114 ,86 ,0 ,0 ,12 ,21 ,92 ,"2,189 ",470 ,667 ,164 
01,新北市,013434,市立淡水商工,83 ,114 ,0 ,0 ,17 ,16 ,83 ,"1,302 ",949 ,312 ,311 
01,新北市,014439,市立鶯歌工商,60 ,102 ,2 ,1 ,12 ,15 ,63 ,858 ,962 ,182 ,289 
01,新北市,014468,市立樟樹國際實中,36 ,78 ,2 ,6 ,3 ,12 ,18 ,148 ,254 ,37 ,62 
02,宜蘭縣,020403,國立宜蘭高商,48 ,76 ,0 ,0 ,12 ,11 ,48 ,727 ,733 ,238 ,256 
02,宜蘭縣,020404,國立羅東高商,47 ,66 ,0 ,0 ,6 ,16 ,48 ,585 ,776 ,166 ,259 
02,宜蘭縣,020405,國立蘇澳海事,51 ,40 ,0 ,0 ,15 ,17 ,35 ,469 ,202 ,116 ,55 
02,宜蘭縣,020407,國立羅東高工,87 ,36 ,0 ,0 ,15 ,18 ,45 ,"1,314 ",125 ,354 ,36 
02,宜蘭縣,020409,國立頭城家商,38 ,68 ,0 ,0 ,7 ,15 ,44 ,531 ,562 ,86 ,141 
03,桃園市,030403,國立北科大附屬桃園農工,101 ,83 ,8 ,6 ,23 ,22 ,82 ,"2,080 ",376 ,671 ,114 
03,桃園市,031414,私立成功工商,33 ,29 ,37 ,10 ,8 ,14 ,53 ,903 ,502 ,329 ,173 
03,桃園市,031415,私立方曙商工,16 ,21 ,5 ,4 ,2 ,4 ,21 ,115 ,46 ,78 ,14 
03,桃園市,031421,私立永平工商,63 ,88 ,25 ,13 ,13 ,20 ,129 ,"2,333 ","1,700 ",701 ,583 
03,桃園市,033407,市立中壢高商,47 ,110 ,0 ,3 ,8 ,15 ,60 ,732 ,"1,142 ",228 ,378 
03,桃園市,033408,市立中壢家商,19 ,56 ,0 ,4 ,5 ,17 ,28 ,182 ,714 ,62 ,271 
04,新竹縣,041401,私立內思高工,37 ,28 ,4 ,4 ,4 ,13 ,26 ,849 ,168 ,253 ,54 
05,苗栗縣,050401,國立大湖農工,53 ,31 ,0 ,0 ,12 ,12 ,28 ,508 ,211 ,190 ,71 
05,苗栗縣,050404,國立苗栗農工,77 ,70 ,0 ,0 ,17 ,22 ,54 ,"1,318 ",503 ,387 ,150 
05,苗栗縣,050407,國立苗栗高商,29 ,52 ,0 ,0 ,9 ,10 ,35 ,376 ,608 ,109 ,226 
05,苗栗縣,051408,私立中興商工,16 ,22 ,8 ,7 ,6 ,10 ,25 ,417 ,313 ,153 ,115 
05,苗栗縣,051411,私立育民工家,9 ,12 ,1 ,4 ,5 ,7 ,22 ,194 ,72 ,73 ,31 
05,苗栗縣,051412,私立賢德工商,7 ,2 ,1 ,1 ,2 ,2 ,5 ,31 ,13 ,12 ,0 
05,苗栗縣,051413,私立龍德家商,4 ,7 ,0 ,0 ,6 ,2 ,10 ,120 ,108 ,60 ,83 
06,臺中市,063401,市立豐原高商,43 ,108 ,0 ,0 ,8 ,17 ,60 ,587 ,"1,002 ",176 ,371 
06,臺中市,063402,市立大甲高工,76 ,43 ,0 ,0 ,10 ,22 ,46 ,"1,098 ",203 ,352 ,70 
06,臺中市,063404,市立東勢高工,97 ,63 ,0 ,0 ,19 ,18 ,63 ,"1,303 ",311 ,406 ,123 
06,臺中市,063407,市立沙鹿高工,94 ,63 ,10 ,6 ,18 ,21 ,68 ,"1,450 ",485 ,485 ,157 
06,臺中市,063408,市立霧峰農工,66 ,51 ,0 ,0 ,12 ,17 ,49 ,"1,065 ",261 ,364 ,85 
06,臺中市,064406,市立神岡高工,25 ,53 ,0 ,0 ,3 ,5 ,3 ,92 ,4 ,0 ,0 
07,彰化縣,070401,國立彰師附工,114 ,58 ,0 ,0 ,20 ,19 ,70 ,"1,976 ",258 ,665 ,84 
07,彰化縣,070402,國立永靖高工,62 ,43 ,0 ,0 ,15 ,15 ,37 ,944 ,239 ,313 ,87 
07,彰化縣,070403,國立二林工商,66 ,62 ,5 ,0 ,14 ,13 ,54 ,868 ,488 ,283 ,169 
07,彰化縣,070405,國立秀水高工,67 ,42 ,28 ,13 ,11 ,14 ,59 ,"1,456 ",265 ,484 ,89 
07,彰化縣,070406,國立彰化高商,45 ,107 ,0 ,0 ,11 ,14 ,63 ,651 ,"1,452 ",172 ,552 
07,彰化縣,070408,國立員林農工,52 ,72 ,0 ,0 ,11 ,18 ,51 ,963 ,599 ,283 ,215 
07,彰化縣,070409,國立員林崇實高工,60 ,42 ,0 ,0 ,13 ,18 ,42 ,999 ,220 ,306 ,91 
07,彰化縣,070410,國立員林家商,28 ,78 ,0 ,6 ,7 ,16 ,47 ,236 ,"1,078 ",78 ,387 
07,彰化縣,070415,國立北斗家商,40 ,70 ,0 ,0 ,7 ,12 ,52 ,378 ,"1,156 ",132 ,416 
07,彰化縣,071413,私立大慶商工,15 ,22 ,15 ,7 ,3 ,15 ,41 ,750 ,386 ,284 ,132 
07,彰化縣,071414,私立達德商工,56 ,85 ,27 ,13 ,8 ,24 ,86 ,"1,813 ","1,469 ",674 ,566 
08,南投縣,080401,國立仁愛高農,20 ,29 ,0 ,0 ,9 ,10 ,19 ,129 ,73 ,27 ,39 
08,南投縣,080403,國立埔里高工,64 ,42 ,3 ,2 ,15 ,12 ,39 ,628 ,180 ,209 ,60 
08,南投縣,080404,國立南投高商,28 ,62 ,3 ,1 ,5 ,18 ,35 ,308 ,472 ,87 ,158 
08,南投縣,080406,國立草屯商工,57 ,76 ,2 ,6 ,15 ,18 ,51 ,640 ,669 ,224 ,240 
08,南投縣,080410,國立水里商工,31 ,44 ,0 ,0 ,12 ,12 ,36 ,493 ,315 ,172 ,139 
08,南投縣,081409,南投縣同德高中,30 ,35 ,15 ,13 ,6 ,16 ,42 ,730 ,622 ,254 ,250 
09,雲林縣,090401,國立虎尾農工,55 ,46 ,0 ,0 ,19 ,10 ,43 ,898 ,299 ,310 ,91 
09,雲林縣,090402,國立西螺農工,62 ,62 ,0 ,0 ,14 ,15 ,47 ,"1,176 ",372 ,401 ,129 
09,雲林縣,090403,國立斗六家商,32 ,46 ,8 ,9 ,4 ,19 ,33 ,295 ,674 ,95 ,248 
09,雲林縣,090404,國立北港農工,50 ,27 ,0 ,0 ,9 ,14 ,30 ,768 ,125 ,232 ,48 
09,雲林縣,090413,國立土庫商工,44 ,39 ,0 ,0 ,8 ,15 ,31 ,391 ,567 ,114 ,217 
09,雲林縣,091410,私立大成商工,34 ,22 ,0 ,0 ,4 ,10 ,36 ,702 ,357 ,279 ,179 
09,雲林縣,091414,私立大德工商,24 ,13 ,3 ,2 ,2 ,6 ,25 ,362 ,183 ,118 ,59 
10,嘉義縣,100402,國立民雄農工,69 ,38 ,3 ,1 ,10 ,19 ,39 ,880 ,151 ,296 ,51 
10,嘉義縣,101405,私立協志工商,25 ,24 ,17 ,11 ,2 ,5 ,45 ,681 ,512 ,480 ,369 
10,嘉義縣,101406,私立萬能工商,30 ,29 ,0 ,0 ,8 ,9 ,33 ,876 ,507 ,272 ,192 
10,嘉義縣,101407,私立弘德工商,0 ,0 ,0 ,0 ,0 ,0 ,0 ,0 ,0 ,9 ,9 
11,臺南市,110401,國立新化高工,52 ,49 ,2 ,2 ,12 ,15 ,39 ,954 ,201 ,267 ,71 
11,臺南市,110403,國立白河商工,39 ,31 ,1 ,3 ,7 ,15 ,30 ,305 ,100 ,100 ,36 
11,臺南市,110404,國立北門農工,79 ,63 ,0 ,0 ,14 ,18 ,54 ,"1,115 ",396 ,317 ,135 
11,臺南市,110405,國立曾文家商,22 ,51 ,6 ,2 ,5 ,11 ,30 ,237 ,663 ,59 ,234 
11,臺南市,110406,國立新營高工,78 ,38 ,6 ,3 ,15 ,16 ,46 ,960 ,250 ,306 ,103 
11,臺南市,110407,國立玉井工商,40 ,33 ,0 ,0 ,10 ,11 ,27 ,338 ,193 ,121 ,64 
11,臺南市,110409,國立臺南高工,136 ,77 ,13 ,9 ,25 ,24 ,84 ,"2,134 ",314 ,716 ,103 
11,臺南市,110410,國立曾文農工,62 ,74 ,3 ,3 ,17 ,19 ,50 ,764 ,295 ,242 ,113 
11,臺南市,111419,私立陽明工商,18 ,8 ,0 ,0 ,5 ,7 ,24 ,319 ,122 ,110 ,45 
11,臺南市,111427,私立育德工家,12 ,12 ,4 ,0 ,3 ,7 ,23 ,341 ,262 ,118 ,128 
12,高雄市,120401,國立旗山農工,53 ,43 ,0 ,0 ,17 ,15 ,37 ,569 ,194 ,185 ,80 
12,高雄市,120402,國立岡山農工,89 ,69 ,3 ,9 ,13 ,25 ,64 ,"1,335 ",373 ,400 ,125 
12,高雄市,120409,國立鳳山商工,81 ,92 ,0 ,0 ,16 ,22 ,77 ,"1,052 ","1,043 ",310 ,319 
12,高雄市,121405,私立中山工商,151 ,196 ,12 ,4 ,15 ,43 ,191 ,"5,246 ","3,203 ","1,684 ","1,148 "
12,高雄市,121410,私立旗美商工,4 ,2 ,11 ,3 ,0 ,5 ,8 ,66 ,42 ,21 ,14 
12,高雄市,121413,私立高英工商,45 ,30 ,0 ,0 ,10 ,17 ,56 ,"1,085 ",568 ,398 ,180 
12,高雄市,121415,私立華德工家,14 ,11 ,6 ,2 ,4 ,4 ,31 ,295 ,204 ,73 ,47 
12,高雄市,121417,私立高苑工商,31 ,30 ,15 ,7 ,5 ,15 ,51 ,"1,073 ",391 ,319 ,145 
13,屏東縣,130401,國立內埔農工,55 ,42 ,0 ,0 ,10 ,15 ,34 ,508 ,206 ,123 ,65 
13,屏東縣,130403,國立屏東高工,103 ,71 ,0 ,0 ,19 ,14 ,66 ,"1,464 ",261 ,470 ,87 
13,屏東縣,130404,國立佳冬高農,41 ,58 ,0 ,0 ,11 ,13 ,41 ,507 ,332 ,164 ,128 
13,屏東縣,130410,國立東港海事,40 ,54 ,14 ,7 ,13 ,16 ,37 ,701 ,340 ,205 ,136 
13,屏東縣,130417,國立恆春工商,32 ,55 ,0 ,0 ,9 ,13 ,33 ,386 ,305 ,106 ,78 
13,屏東縣,131409,私立民生家商,14 ,18 ,4 ,7 ,0 ,9 ,22 ,324 ,292 ,126 ,150 
13,屏東縣,131418,私立日新工商,5 ,5 ,2 ,4 ,1 ,7 ,9 ,122 ,88 ,52 ,35 
14,臺東縣,140404,國立關山工商,28 ,28 ,0 ,0 ,9 ,12 ,21 ,156 ,76 ,48 ,37 
14,臺東縣,140405,國立臺東高商,35 ,61 ,0 ,0 ,3 ,16 ,36 ,420 ,614 ,99 ,181 
14,臺東縣,140408,國立成功商水,22 ,13 ,0 ,0 ,6 ,10 ,12 ,124 ,46 ,35 ,16 
14,臺東縣,141406,私立公東高工,25 ,25 ,4 ,6 ,12 ,14 ,31 ,513 ,270 ,153 ,95 
15,花蓮縣,150401,國立花蓮高農,49 ,42 ,0 ,0 ,12 ,15 ,35 ,422 ,309 ,89 ,93 
15,花蓮縣,150404,國立花蓮高工,84 ,56 ,0 ,0 ,17 ,16 ,45 ,900 ,147 ,279 ,48 
15,花蓮縣,150405,國立花蓮高商,30 ,60 ,0 ,0 ,3 ,18 ,35 ,340 ,637 ,98 ,212 
15,花蓮縣,150411,國立光復商工,24 ,19 ,0 ,0 ,9 ,6 ,16 ,133 ,91 ,34 ,28 
15,花蓮縣,151410,花蓮縣上騰工商,16 ,11 ,3 ,3 ,5 ,6 ,27 ,245 ,166 ,58 ,44 
16,澎湖縣,160401,國立澎湖海事水產,55 ,53 ,5 ,0 ,15 ,21 ,43 ,584 ,329 ,178 ,112 
17,基隆市,170403,國立海洋大學附屬基隆海事,56 ,63 ,0 ,0 ,12 ,19 ,48 ,723 ,345 ,147 ,86 
17,基隆市,170404,國立基隆商工,67 ,84 ,4 ,2 ,13 ,17 ,64 ,849 ,688 ,266 ,255 
17,基隆市,171405,私立光隆家商,8 ,10 ,10 ,17 ,0 ,5 ,22 ,159 ,278 ,62 ,123 
17,基隆市,171407,私立培德工家,9 ,9 ,6 ,4 ,1 ,4 ,11 ,95 ,45 ,21 ,16 
18,新竹市,180403,國立新竹高商,25 ,77 ,4 ,14 ,5 ,17 ,45 ,520 ,"1,045 ",164 ,356 
18,新竹市,180404,國立新竹高工,60 ,73 ,0 ,0 ,10 ,22 ,51 ,"1,168 ",376 ,390 ,116 
19,臺中市,190406,國立興大附農,47 ,114 ,11 ,10 ,13 ,20 ,78 ,"1,099 ","1,083 ",381 ,375 
19,臺中市,191412,財團法人光華高工,16 ,11 ,4 ,6 ,4 ,12 ,20 ,341 ,34 ,162 ,34 
19,臺中市,193404,市立臺中家商,52 ,123 ,0 ,0 ,9 ,18 ,78 ,556 ,"1,590 ",160 ,551 
19,臺中市,193407,市立臺中高工,158 ,104 ,2 ,4 ,26 ,31 ,116 ,"2,990 ",485 ,969 ,149 
20,嘉義市,200401,國立華南高商,41 ,67 ,0 ,0 ,5 ,16 ,42 ,525 ,827 ,151 ,288 
20,嘉義市,200405,國立嘉義高工,153 ,74 ,0 ,0 ,24 ,22 ,94 ,"2,027 ",634 ,678 ,208 
20,嘉義市,200406,國立嘉義高商,39 ,73 ,3 ,10 ,2 ,18 ,44 ,404 ,991 ,162 ,319 
20,嘉義市,200407,國立嘉義家職,17 ,80 ,0 ,0 ,6 ,15 ,41 ,229 ,854 ,63 ,313 
20,嘉義市,201408,私立東吳工家,48 ,64 ,10 ,5 ,9 ,12 ,82 ,"1,276 ","1,543 ",448 ,593 
21,臺南市,210408,國立臺南高商,49 ,101 ,0 ,0 ,3 ,19 ,64 ,586 ,"1,307 ",198 ,427 
21,臺南市,210416,國立臺南海事,46 ,37 ,11 ,11 ,10 ,10 ,33 ,653 ,255 ,218 ,99 
21,臺南市,211407,私立南英商工,27 ,40 ,16 ,9 ,8 ,19 ,36 ,660 ,270 ,358 ,132 
21,臺南市,211412,私立亞洲餐旅,11 ,15 ,7 ,4 ,1 ,7 ,24 ,418 ,300 ,143 ,132 
21,臺南市,211419,私立慈幼工商,31 ,18 ,7 ,4 ,12 ,12 ,32 ,743 ,173 ,275 ,66 
30,臺北市,311401,臺北市普林思頓高中,36 ,78 ,26 ,33 ,1 ,15 ,67 ,"1,225 ","1,564 ",565 ,941 
30,臺北市,323401,市立松山家商,44 ,110 ,3 ,2 ,6 ,24 ,58 ,646 ,"1,142 ",189 ,359 
30,臺北市,323402,市立松山工農,102 ,87 ,9 ,8 ,16 ,29 ,65 ,"1,872 ",385 ,467 ,133 
30,臺北市,331402,私立東方工商,4 ,7 ,5 ,3 ,0 ,5 ,6 ,42 ,69 ,37 ,45 
30,臺北市,331403,私立喬治工商,5 ,13 ,1 ,9 ,4 ,7 ,23 ,96 ,254 ,14 ,68 
30,臺北市,331404,私立開平餐飲,13 ,27 ,0 ,0 ,1 ,7 ,29 ,588 ,381 ,191 ,142 
30,臺北市,333401,市立大安高工,153 ,127 ,15 ,8 ,25 ,31 ,101 ,"2,619 ",446 ,823 ,142 
30,臺北市,341402,私立稻江護家,11 ,48 ,3 ,13 ,6 ,18 ,34 ,21 ,988 ,0 ,374 
30,臺北市,351402,臺北市開南高中,25 ,22 ,20 ,12 ,7 ,17 ,36 ,678 ,179 ,248 ,68 
30,臺北市,361401,私立稻江高商,16 ,27 ,0 ,0 ,2 ,16 ,27 ,462 ,429 ,112 ,139 
30,臺北市,383401,市立木柵高工,94 ,87 ,6 ,0 ,17 ,27 ,57 ,"1,498 ",254 ,414 ,100 
30,臺北市,393401,市立南港高工,107 ,94 ,0 ,0 ,37 ,26 ,68 ,"1,902 ",268 ,511 ,77 
30,臺北市,403401,市立內湖高工,91 ,79 ,0 ,0 ,14 ,25 ,58 ,"1,611 ",276 ,398 ,86 
30,臺北市,411401,私立華岡藝校,14 ,17 ,46 ,53 ,2 ,2 ,18 ,160 ,567 ,41 ,177 
30,臺北市,413401,市立士林高商,60 ,140 ,3 ,10 ,11 ,23 ,78 ,825 ,"1,439 ",206 ,485 
30,臺北市,421404,私立惇敘工商,27 ,13 ,3 ,2 ,6 ,4 ,23 ,448 ,29 ,166 ,13 
50,高雄市,521401,私立中華藝校,16 ,29 ,31 ,40 ,8 ,16 ,27 ,271 ,601 ,89 ,198 
50,高雄市,533401,市立海青工商,79 ,93 ,3 ,3 ,17 ,18 ,62 ,918 ,867 ,307 ,308 
50,高雄市,533402,市立三民家商,48 ,99 ,0 ,0 ,3 ,21 ,54 ,432 ,"1,207 ",134 ,387 
50,高雄市,551402,私立樹德家商,49 ,121 ,35 ,52 ,9 ,27 ,136 ,"1,456 ","3,024 ",462 ,"1,100 "
50,高雄市,553401,市立高雄高工,140 ,92 ,1 ,3 ,20 ,19 ,83 ,"2,219 ",389 ,759 ,108 
50,高雄市,563401,市立高雄高商,43 ,109 ,0 ,5 ,5 ,17 ,60 ,531 ,"1,235 ",169 ,465 
50,高雄市,581401,私立國際商工,1 ,3 ,8 ,7 ,0 ,2 ,5 ,51 ,73 ,23 ,23 
50,高雄市,581402,私立三信家商,30 ,57 ,18 ,23 ,3 ,12 ,86 ,"1,174 ","1,320 ",314 ,436 
50,高雄市,593401,市立中正高工,110 ,76 ,4 ,3 ,11 ,25 ,72 ,"1,709 ",265 ,582 ,92 
50,高雄市,610405,國立高餐大附屬餐旅中學,12 ,29 ,0 ,0 ,4 ,4 ,9 ,78 ,157 ,18 ,49 
50,高雄市,611401,私立高鳳工家,0 ,0 ,0 ,0 ,0 ,0 ,0 ,0 ,0 ,32 ,23 
71,金門縣,710401,國立金門農工,49 ,35 ,0 ,0 ,16 ,14 ,39 ,564 ,397 ,111 ,91 
30,臺北市,351B09,私立南華高中進修學校,5 ,16 ,0 ,0 ,3 ,10 ,24 ,336 ,323 ,207 ,167 
30,臺北市,361B09,私立志仁中學進修學校,7 ,10 ,0 ,0 ,1 ,6 ,42 ,702 ,699 ,330 ,299 
01,新北市,011C71,私立光華高商進修學校,4 ,8 ,4 ,7 ,1 ,5 ,15 ,240 ,201 ,78 ,60 
21,臺南市,210C01,國立成功大學附設高工進修學校,20 ,14 ,11 ,4 ,2 ,5 ,24 ,197 ,63 ,48 ,6 
07,彰化縣,070F01,國立和美實驗學校,0 ,0 ,0 ,0 ,0 ,0 ,12 ,195 ,167 ,54 ,78 
50,高雄市,543F01,市立楠梓特殊學校,0 ,0 ,0 ,0 ,0 ,0 ,3 ,0 ,13 ,0 ,0 
03,桃園市,031G91,私立宏德高商進修學校,0 ,0 ,0 ,0 ,0 ,0 ,3 ,102 ,0 ,27 ,0 
07,彰化縣,070G92,國立二林工商進校分校,0 ,0 ,0 ,0 ,0 ,0 ,3 ,33 ,0 ,7 ,0 
11,臺南市,111G91,私立樹德高中進修學校,0 ,0 ,12 ,1 ,0 ,0 ,3 ,87 ,0 ,28 ,0 
15,花蓮縣,151G91,私立正德高中進修學校,0 ,0 ,23 ,5 ,0 ,0 ,3 ,71 ,0 ,25 ,0 
03,桃園市,03C301,誠正中學桃園分校,0 ,0 ,0 ,0 ,0 ,0 ,11 ,177 ,0 ,3 ,0 
04,新竹縣,04C301,誠正中學,0 ,0 ,0 ,0 ,0 ,0 ,13 ,210 ,0 ,19 ,0 
07,彰化縣,07C301,誠正中學彰化分校,0 ,0 ,0 ,0 ,0 ,0 ,14 ,148 ,58 ,0 ,0 
12,高雄市,12C301,明陽中學,0 ,0 ,0 ,0 ,0 ,0 ,6 ,61 ,1 ,0 ,0 
